x,y,north,south,east,west
0,0,40.502347650974826,40.48846518521376,-74.26116525841039,-74.27971341040893
0,1,40.51623011673589,40.502347650974826,-74.26116525841039,-74.27971341040893
0,2,40.53011258249695,40.51623011673589,-74.26116525841039,-74.27971341040893
0,3,40.54399504825801,40.53011258249695,-74.26116525841039,-74.27971341040893
0,4,40.557877514019076,40.54399504825801,-74.26116525841039,-74.27971341040893
0,5,40.57175997978014,40.557877514019076,-74.26116525841039,-74.27971341040893
0,6,40.585642445541204,40.57175997978014,-74.26116525841039,-74.27971341040893
0,7,40.59952491130226,40.585642445541204,-74.26116525841039,-74.27971341040893
0,8,40.613407377063325,40.59952491130226,-74.26116525841039,-74.27971341040893
0,9,40.62728984282439,40.613407377063325,-74.26116525841039,-74.27971341040893
0,10,40.64117230858545,40.62728984282439,-74.26116525841039,-74.27971341040893
0,11,40.65505477434652,40.64117230858545,-74.26116525841039,-74.27971341040893
0,12,40.668937240107574,40.65505477434652,-74.26116525841039,-74.27971341040893
0,13,40.68281970586864,40.668937240107574,-74.26116525841039,-74.27971341040893
0,14,40.6967021716297,40.68281970586864,-74.26116525841039,-74.27971341040893
0,15,40.71058463739077,40.6967021716297,-74.26116525841039,-74.27971341040893
0,16,40.72446710315183,40.71058463739077,-74.26116525841039,-74.27971341040893
0,17,40.73834956891289,40.72446710315183,-74.26116525841039,-74.27971341040893
0,18,40.75223203467395,40.73834956891289,-74.26116525841039,-74.27971341040893
0,19,40.766114500435016,40.75223203467395,-74.26116525841039,-74.27971341040893
0,20,40.77999696619608,40.766114500435016,-74.26116525841039,-74.27971341040893
0,21,40.793879431957144,40.77999696619608,-74.26116525841039,-74.27971341040893
0,22,40.8077618977182,40.793879431957144,-74.26116525841039,-74.27971341040893
0,23,40.821644363479265,40.8077618977182,-74.26116525841039,-74.27971341040893
0,24,40.83552682924033,40.821644363479265,-74.26116525841039,-74.27971341040893
0,25,40.849409295001394,40.83552682924033,-74.26116525841039,-74.27971341040893
0,26,40.86329176076246,40.849409295001394,-74.26116525841039,-74.27971341040893
0,27,40.877174226523515,40.86329176076246,-74.26116525841039,-74.27971341040893
0,28,40.89105669228458,40.877174226523515,-74.26116525841039,-74.27971341040893
0,29,40.90493915804564,40.89105669228458,-74.26116525841039,-74.27971341040893
1,0,40.502347650974826,40.48846518521376,-74.24261710641186,-74.26116525841039
1,1,40.51623011673589,40.502347650974826,-74.24261710641186,-74.26116525841039
1,2,40.53011258249695,40.51623011673589,-74.24261710641186,-74.26116525841039
1,3,40.54399504825801,40.53011258249695,-74.24261710641186,-74.26116525841039
1,4,40.557877514019076,40.54399504825801,-74.24261710641186,-74.26116525841039
1,5,40.57175997978014,40.557877514019076,-74.24261710641186,-74.26116525841039
1,6,40.585642445541204,40.57175997978014,-74.24261710641186,-74.26116525841039
1,7,40.59952491130226,40.585642445541204,-74.24261710641186,-74.26116525841039
1,8,40.613407377063325,40.59952491130226,-74.24261710641186,-74.26116525841039
1,9,40.62728984282439,40.613407377063325,-74.24261710641186,-74.26116525841039
1,10,40.64117230858545,40.62728984282439,-74.24261710641186,-74.26116525841039
1,11,40.65505477434652,40.64117230858545,-74.24261710641186,-74.26116525841039
1,12,40.668937240107574,40.65505477434652,-74.24261710641186,-74.26116525841039
1,13,40.68281970586864,40.668937240107574,-74.24261710641186,-74.26116525841039
1,14,40.6967021716297,40.68281970586864,-74.24261710641186,-74.26116525841039
1,15,40.71058463739077,40.6967021716297,-74.24261710641186,-74.26116525841039
1,16,40.72446710315183,40.71058463739077,-74.24261710641186,-74.26116525841039
1,17,40.73834956891289,40.72446710315183,-74.24261710641186,-74.26116525841039
1,18,40.75223203467395,40.73834956891289,-74.24261710641186,-74.26116525841039
1,19,40.766114500435016,40.75223203467395,-74.24261710641186,-74.26116525841039
1,20,40.77999696619608,40.766114500435016,-74.24261710641186,-74.26116525841039
1,21,40.793879431957144,40.77999696619608,-74.24261710641186,-74.26116525841039
1,22,40.8077618977182,40.793879431957144,-74.24261710641186,-74.26116525841039
1,23,40.821644363479265,40.8077618977182,-74.24261710641186,-74.26116525841039
1,24,40.83552682924033,40.821644363479265,-74.24261710641186,-74.26116525841039
1,25,40.849409295001394,40.83552682924033,-74.24261710641186,-74.26116525841039
1,26,40.86329176076246,40.849409295001394,-74.24261710641186,-74.26116525841039
1,27,40.877174226523515,40.86329176076246,-74.24261710641186,-74.26116525841039
1,28,40.89105669228458,40.877174226523515,-74.24261710641186,-74.26116525841039
1,29,40.90493915804564,40.89105669228458,-74.24261710641186,-74.26116525841039
2,0,40.502347650974826,40.48846518521376,-74.22406895441331,-74.24261710641186
2,1,40.51623011673589,40.502347650974826,-74.22406895441331,-74.24261710641186
2,2,40.53011258249695,40.51623011673589,-74.22406895441331,-74.24261710641186
2,3,40.54399504825801,40.53011258249695,-74.22406895441331,-74.24261710641186
2,4,40.557877514019076,40.54399504825801,-74.22406895441331,-74.24261710641186
2,5,40.57175997978014,40.557877514019076,-74.22406895441331,-74.24261710641186
2,6,40.585642445541204,40.57175997978014,-74.22406895441331,-74.24261710641186
2,7,40.59952491130226,40.585642445541204,-74.22406895441331,-74.24261710641186
2,8,40.613407377063325,40.59952491130226,-74.22406895441331,-74.24261710641186
2,9,40.62728984282439,40.613407377063325,-74.22406895441331,-74.24261710641186
2,10,40.64117230858545,40.62728984282439,-74.22406895441331,-74.24261710641186
2,11,40.65505477434652,40.64117230858545,-74.22406895441331,-74.24261710641186
2,12,40.668937240107574,40.65505477434652,-74.22406895441331,-74.24261710641186
2,13,40.68281970586864,40.668937240107574,-74.22406895441331,-74.24261710641186
2,14,40.6967021716297,40.68281970586864,-74.22406895441331,-74.24261710641186
2,15,40.71058463739077,40.6967021716297,-74.22406895441331,-74.24261710641186
2,16,40.72446710315183,40.71058463739077,-74.22406895441331,-74.24261710641186
2,17,40.73834956891289,40.72446710315183,-74.22406895441331,-74.24261710641186
2,18,40.75223203467395,40.73834956891289,-74.22406895441331,-74.24261710641186
2,19,40.766114500435016,40.75223203467395,-74.22406895441331,-74.24261710641186
2,20,40.77999696619608,40.766114500435016,-74.22406895441331,-74.24261710641186
2,21,40.793879431957144,40.77999696619608,-74.22406895441331,-74.24261710641186
2,22,40.8077618977182,40.793879431957144,-74.22406895441331,-74.24261710641186
2,23,40.821644363479265,40.8077618977182,-74.22406895441331,-74.24261710641186
2,24,40.83552682924033,40.821644363479265,-74.22406895441331,-74.24261710641186
2,25,40.849409295001394,40.83552682924033,-74.22406895441331,-74.24261710641186
2,26,40.86329176076246,40.849409295001394,-74.22406895441331,-74.24261710641186
2,27,40.877174226523515,40.86329176076246,-74.22406895441331,-74.24261710641186
2,28,40.89105669228458,40.877174226523515,-74.22406895441331,-74.24261710641186
2,29,40.90493915804564,40.89105669228458,-74.22406895441331,-74.24261710641186
3,0,40.502347650974826,40.48846518521376,-74.20552080241478,-74.22406895441331
3,1,40.51623011673589,40.502347650974826,-74.20552080241478,-74.22406895441331
3,2,40.53011258249695,40.51623011673589,-74.20552080241478,-74.22406895441331
3,3,40.54399504825801,40.53011258249695,-74.20552080241478,-74.22406895441331
3,4,40.557877514019076,40.54399504825801,-74.20552080241478,-74.22406895441331
3,5,40.57175997978014,40.557877514019076,-74.20552080241478,-74.22406895441331
3,6,40.585642445541204,40.57175997978014,-74.20552080241478,-74.22406895441331
3,7,40.59952491130226,40.585642445541204,-74.20552080241478,-74.22406895441331
3,8,40.613407377063325,40.59952491130226,-74.20552080241478,-74.22406895441331
3,9,40.62728984282439,40.613407377063325,-74.20552080241478,-74.22406895441331
3,10,40.64117230858545,40.62728984282439,-74.20552080241478,-74.22406895441331
3,11,40.65505477434652,40.64117230858545,-74.20552080241478,-74.22406895441331
3,12,40.668937240107574,40.65505477434652,-74.20552080241478,-74.22406895441331
3,13,40.68281970586864,40.668937240107574,-74.20552080241478,-74.22406895441331
3,14,40.6967021716297,40.68281970586864,-74.20552080241478,-74.22406895441331
3,15,40.71058463739077,40.6967021716297,-74.20552080241478,-74.22406895441331
3,16,40.72446710315183,40.71058463739077,-74.20552080241478,-74.22406895441331
3,17,40.73834956891289,40.72446710315183,-74.20552080241478,-74.22406895441331
3,18,40.75223203467395,40.73834956891289,-74.20552080241478,-74.22406895441331
3,19,40.766114500435016,40.75223203467395,-74.20552080241478,-74.22406895441331
3,20,40.77999696619608,40.766114500435016,-74.20552080241478,-74.22406895441331
3,21,40.793879431957144,40.77999696619608,-74.20552080241478,-74.22406895441331
3,22,40.8077618977182,40.793879431957144,-74.20552080241478,-74.22406895441331
3,23,40.821644363479265,40.8077618977182,-74.20552080241478,-74.22406895441331
3,24,40.83552682924033,40.821644363479265,-74.20552080241478,-74.22406895441331
3,25,40.849409295001394,40.83552682924033,-74.20552080241478,-74.22406895441331
3,26,40.86329176076246,40.849409295001394,-74.20552080241478,-74.22406895441331
3,27,40.877174226523515,40.86329176076246,-74.20552080241478,-74.22406895441331
3,28,40.89105669228458,40.877174226523515,-74.20552080241478,-74.22406895441331
3,29,40.90493915804564,40.89105669228458,-74.20552080241478,-74.22406895441331
4,0,40.502347650974826,40.48846518521376,-74.18697265041624,-74.20552080241478
4,1,40.51623011673589,40.502347650974826,-74.18697265041624,-74.20552080241478
4,2,40.53011258249695,40.51623011673589,-74.18697265041624,-74.20552080241478
4,3,40.54399504825801,40.53011258249695,-74.18697265041624,-74.20552080241478
4,4,40.557877514019076,40.54399504825801,-74.18697265041624,-74.20552080241478
4,5,40.57175997978014,40.557877514019076,-74.18697265041624,-74.20552080241478
4,6,40.585642445541204,40.57175997978014,-74.18697265041624,-74.20552080241478
4,7,40.59952491130226,40.585642445541204,-74.18697265041624,-74.20552080241478
4,8,40.613407377063325,40.59952491130226,-74.18697265041624,-74.20552080241478
4,9,40.62728984282439,40.613407377063325,-74.18697265041624,-74.20552080241478
4,10,40.64117230858545,40.62728984282439,-74.18697265041624,-74.20552080241478
4,11,40.65505477434652,40.64117230858545,-74.18697265041624,-74.20552080241478
4,12,40.668937240107574,40.65505477434652,-74.18697265041624,-74.20552080241478
4,13,40.68281970586864,40.668937240107574,-74.18697265041624,-74.20552080241478
4,14,40.6967021716297,40.68281970586864,-74.18697265041624,-74.20552080241478
4,15,40.71058463739077,40.6967021716297,-74.18697265041624,-74.20552080241478
4,16,40.72446710315183,40.71058463739077,-74.18697265041624,-74.20552080241478
4,17,40.73834956891289,40.72446710315183,-74.18697265041624,-74.20552080241478
4,18,40.75223203467395,40.73834956891289,-74.18697265041624,-74.20552080241478
4,19,40.766114500435016,40.75223203467395,-74.18697265041624,-74.20552080241478
4,20,40.77999696619608,40.766114500435016,-74.18697265041624,-74.20552080241478
4,21,40.793879431957144,40.77999696619608,-74.18697265041624,-74.20552080241478
4,22,40.8077618977182,40.793879431957144,-74.18697265041624,-74.20552080241478
4,23,40.821644363479265,40.8077618977182,-74.18697265041624,-74.20552080241478
4,24,40.83552682924033,40.821644363479265,-74.18697265041624,-74.20552080241478
4,25,40.849409295001394,40.83552682924033,-74.18697265041624,-74.20552080241478
4,26,40.86329176076246,40.849409295001394,-74.18697265041624,-74.20552080241478
4,27,40.877174226523515,40.86329176076246,-74.18697265041624,-74.20552080241478
4,28,40.89105669228458,40.877174226523515,-74.18697265041624,-74.20552080241478
4,29,40.90493915804564,40.89105669228458,-74.18697265041624,-74.20552080241478
5,0,40.502347650974826,40.48846518521376,-74.16842449841769,-74.18697265041624
5,1,40.51623011673589,40.502347650974826,-74.16842449841769,-74.18697265041624
5,2,40.53011258249695,40.51623011673589,-74.16842449841769,-74.18697265041624
5,3,40.54399504825801,40.53011258249695,-74.16842449841769,-74.18697265041624
5,4,40.557877514019076,40.54399504825801,-74.16842449841769,-74.18697265041624
5,5,40.57175997978014,40.557877514019076,-74.16842449841769,-74.18697265041624
5,6,40.585642445541204,40.57175997978014,-74.16842449841769,-74.18697265041624
5,7,40.59952491130226,40.585642445541204,-74.16842449841769,-74.18697265041624
5,8,40.613407377063325,40.59952491130226,-74.16842449841769,-74.18697265041624
5,9,40.62728984282439,40.613407377063325,-74.16842449841769,-74.18697265041624
5,10,40.64117230858545,40.62728984282439,-74.16842449841769,-74.18697265041624
5,11,40.65505477434652,40.64117230858545,-74.16842449841769,-74.18697265041624
5,12,40.668937240107574,40.65505477434652,-74.16842449841769,-74.18697265041624
5,13,40.68281970586864,40.668937240107574,-74.16842449841769,-74.18697265041624
5,14,40.6967021716297,40.68281970586864,-74.16842449841769,-74.18697265041624
5,15,40.71058463739077,40.6967021716297,-74.16842449841769,-74.18697265041624
5,16,40.72446710315183,40.71058463739077,-74.16842449841769,-74.18697265041624
5,17,40.73834956891289,40.72446710315183,-74.16842449841769,-74.18697265041624
5,18,40.75223203467395,40.73834956891289,-74.16842449841769,-74.18697265041624
5,19,40.766114500435016,40.75223203467395,-74.16842449841769,-74.18697265041624
5,20,40.77999696619608,40.766114500435016,-74.16842449841769,-74.18697265041624
5,21,40.793879431957144,40.77999696619608,-74.16842449841769,-74.18697265041624
5,22,40.8077618977182,40.793879431957144,-74.16842449841769,-74.18697265041624
5,23,40.821644363479265,40.8077618977182,-74.16842449841769,-74.18697265041624
5,24,40.83552682924033,40.821644363479265,-74.16842449841769,-74.18697265041624
5,25,40.849409295001394,40.83552682924033,-74.16842449841769,-74.18697265041624
5,26,40.86329176076246,40.849409295001394,-74.16842449841769,-74.18697265041624
5,27,40.877174226523515,40.86329176076246,-74.16842449841769,-74.18697265041624
5,28,40.89105669228458,40.877174226523515,-74.16842449841769,-74.18697265041624
5,29,40.90493915804564,40.89105669228458,-74.16842449841769,-74.18697265041624
6,0,40.502347650974826,40.48846518521376,-74.14987634641916,-74.16842449841769
6,1,40.51623011673589,40.502347650974826,-74.14987634641916,-74.16842449841769
6,2,40.53011258249695,40.51623011673589,-74.14987634641916,-74.16842449841769
6,3,40.54399504825801,40.53011258249695,-74.14987634641916,-74.16842449841769
6,4,40.557877514019076,40.54399504825801,-74.14987634641916,-74.16842449841769
6,5,40.57175997978014,40.557877514019076,-74.14987634641916,-74.16842449841769
6,6,40.585642445541204,40.57175997978014,-74.14987634641916,-74.16842449841769
6,7,40.59952491130226,40.585642445541204,-74.14987634641916,-74.16842449841769
6,8,40.613407377063325,40.59952491130226,-74.14987634641916,-74.16842449841769
6,9,40.62728984282439,40.613407377063325,-74.14987634641916,-74.16842449841769
6,10,40.64117230858545,40.62728984282439,-74.14987634641916,-74.16842449841769
6,11,40.65505477434652,40.64117230858545,-74.14987634641916,-74.16842449841769
6,12,40.668937240107574,40.65505477434652,-74.14987634641916,-74.16842449841769
6,13,40.68281970586864,40.668937240107574,-74.14987634641916,-74.16842449841769
6,14,40.6967021716297,40.68281970586864,-74.14987634641916,-74.16842449841769
6,15,40.71058463739077,40.6967021716297,-74.14987634641916,-74.16842449841769
6,16,40.72446710315183,40.71058463739077,-74.14987634641916,-74.16842449841769
6,17,40.73834956891289,40.72446710315183,-74.14987634641916,-74.16842449841769
6,18,40.75223203467395,40.73834956891289,-74.14987634641916,-74.16842449841769
6,19,40.766114500435016,40.75223203467395,-74.14987634641916,-74.16842449841769
6,20,40.77999696619608,40.766114500435016,-74.14987634641916,-74.16842449841769
6,21,40.793879431957144,40.77999696619608,-74.14987634641916,-74.16842449841769
6,22,40.8077618977182,40.793879431957144,-74.14987634641916,-74.16842449841769
6,23,40.821644363479265,40.8077618977182,-74.14987634641916,-74.16842449841769
6,24,40.83552682924033,40.821644363479265,-74.14987634641916,-74.16842449841769
6,25,40.849409295001394,40.83552682924033,-74.14987634641916,-74.16842449841769
6,26,40.86329176076246,40.849409295001394,-74.14987634641916,-74.16842449841769
6,27,40.877174226523515,40.86329176076246,-74.14987634641916,-74.16842449841769
6,28,40.89105669228458,40.877174226523515,-74.14987634641916,-74.16842449841769
6,29,40.90493915804564,40.89105669228458,-74.14987634641916,-74.16842449841769
7,0,40.502347650974826,40.48846518521376,-74.13132819442062,-74.14987634641916
7,1,40.51623011673589,40.502347650974826,-74.13132819442062,-74.14987634641916
7,2,40.53011258249695,40.51623011673589,-74.13132819442062,-74.14987634641916
7,3,40.54399504825801,40.53011258249695,-74.13132819442062,-74.14987634641916
7,4,40.557877514019076,40.54399504825801,-74.13132819442062,-74.14987634641916
7,5,40.57175997978014,40.557877514019076,-74.13132819442062,-74.14987634641916
7,6,40.585642445541204,40.57175997978014,-74.13132819442062,-74.14987634641916
7,7,40.59952491130226,40.585642445541204,-74.13132819442062,-74.14987634641916
7,8,40.613407377063325,40.59952491130226,-74.13132819442062,-74.14987634641916
7,9,40.62728984282439,40.613407377063325,-74.13132819442062,-74.14987634641916
7,10,40.64117230858545,40.62728984282439,-74.13132819442062,-74.14987634641916
7,11,40.65505477434652,40.64117230858545,-74.13132819442062,-74.14987634641916
7,12,40.668937240107574,40.65505477434652,-74.13132819442062,-74.14987634641916
7,13,40.68281970586864,40.668937240107574,-74.13132819442062,-74.14987634641916
7,14,40.6967021716297,40.68281970586864,-74.13132819442062,-74.14987634641916
7,15,40.71058463739077,40.6967021716297,-74.13132819442062,-74.14987634641916
7,16,40.72446710315183,40.71058463739077,-74.13132819442062,-74.14987634641916
7,17,40.73834956891289,40.72446710315183,-74.13132819442062,-74.14987634641916
7,18,40.75223203467395,40.73834956891289,-74.13132819442062,-74.14987634641916
7,19,40.766114500435016,40.75223203467395,-74.13132819442062,-74.14987634641916
7,20,40.77999696619608,40.766114500435016,-74.13132819442062,-74.14987634641916
7,21,40.793879431957144,40.77999696619608,-74.13132819442062,-74.14987634641916
7,22,40.8077618977182,40.793879431957144,-74.13132819442062,-74.14987634641916
7,23,40.821644363479265,40.8077618977182,-74.13132819442062,-74.14987634641916
7,24,40.83552682924033,40.821644363479265,-74.13132819442062,-74.14987634641916
7,25,40.849409295001394,40.83552682924033,-74.13132819442062,-74.14987634641916
7,26,40.86329176076246,40.849409295001394,-74.13132819442062,-74.14987634641916
7,27,40.877174226523515,40.86329176076246,-74.13132819442062,-74.14987634641916
7,28,40.89105669228458,40.877174226523515,-74.13132819442062,-74.14987634641916
7,29,40.90493915804564,40.89105669228458,-74.13132819442062,-74.14987634641916
8,0,40.502347650974826,40.48846518521376,-74.11278004242209,-74.13132819442062
8,1,40.51623011673589,40.502347650974826,-74.11278004242209,-74.13132819442062
8,2,40.53011258249695,40.51623011673589,-74.11278004242209,-74.13132819442062
8,3,40.54399504825801,40.53011258249695,-74.11278004242209,-74.13132819442062
8,4,40.557877514019076,40.54399504825801,-74.11278004242209,-74.13132819442062
8,5,40.57175997978014,40.557877514019076,-74.11278004242209,-74.13132819442062
8,6,40.585642445541204,40.57175997978014,-74.11278004242209,-74.13132819442062
8,7,40.59952491130226,40.585642445541204,-74.11278004242209,-74.13132819442062
8,8,40.613407377063325,40.59952491130226,-74.11278004242209,-74.13132819442062
8,9,40.62728984282439,40.613407377063325,-74.11278004242209,-74.13132819442062
8,10,40.64117230858545,40.62728984282439,-74.11278004242209,-74.13132819442062
8,11,40.65505477434652,40.64117230858545,-74.11278004242209,-74.13132819442062
8,12,40.668937240107574,40.65505477434652,-74.11278004242209,-74.13132819442062
8,13,40.68281970586864,40.668937240107574,-74.11278004242209,-74.13132819442062
8,14,40.6967021716297,40.68281970586864,-74.11278004242209,-74.13132819442062
8,15,40.71058463739077,40.6967021716297,-74.11278004242209,-74.13132819442062
8,16,40.72446710315183,40.71058463739077,-74.11278004242209,-74.13132819442062
8,17,40.73834956891289,40.72446710315183,-74.11278004242209,-74.13132819442062
8,18,40.75223203467395,40.73834956891289,-74.11278004242209,-74.13132819442062
8,19,40.766114500435016,40.75223203467395,-74.11278004242209,-74.13132819442062
8,20,40.77999696619608,40.766114500435016,-74.11278004242209,-74.13132819442062
8,21,40.793879431957144,40.77999696619608,-74.11278004242209,-74.13132819442062
8,22,40.8077618977182,40.793879431957144,-74.11278004242209,-74.13132819442062
8,23,40.821644363479265,40.8077618977182,-74.11278004242209,-74.13132819442062
8,24,40.83552682924033,40.821644363479265,-74.11278004242209,-74.13132819442062
8,25,40.849409295001394,40.83552682924033,-74.11278004242209,-74.13132819442062
8,26,40.86329176076246,40.849409295001394,-74.11278004242209,-74.13132819442062
8,27,40.877174226523515,40.86329176076246,-74.11278004242209,-74.13132819442062
8,28,40.89105669228458,40.877174226523515,-74.11278004242209,-74.13132819442062
8,29,40.90493915804564,40.89105669228458,-74.11278004242209,-74.13132819442062
9,0,40.502347650974826,40.48846518521376,-74.09423189042354,-74.11278004242209
9,1,40.51623011673589,40.502347650974826,-74.09423189042354,-74.11278004242209
9,2,40.53011258249695,40.51623011673589,-74.09423189042354,-74.11278004242209
9,3,40.54399504825801,40.53011258249695,-74.09423189042354,-74.11278004242209
9,4,40.557877514019076,40.54399504825801,-74.09423189042354,-74.11278004242209
9,5,40.57175997978014,40.557877514019076,-74.09423189042354,-74.11278004242209
9,6,40.585642445541204,40.57175997978014,-74.09423189042354,-74.11278004242209
9,7,40.59952491130226,40.585642445541204,-74.09423189042354,-74.11278004242209
9,8,40.613407377063325,40.59952491130226,-74.09423189042354,-74.11278004242209
9,9,40.62728984282439,40.613407377063325,-74.09423189042354,-74.11278004242209
9,10,40.64117230858545,40.62728984282439,-74.09423189042354,-74.11278004242209
9,11,40.65505477434652,40.64117230858545,-74.09423189042354,-74.11278004242209
9,12,40.668937240107574,40.65505477434652,-74.09423189042354,-74.11278004242209
9,13,40.68281970586864,40.668937240107574,-74.09423189042354,-74.11278004242209
9,14,40.6967021716297,40.68281970586864,-74.09423189042354,-74.11278004242209
9,15,40.71058463739077,40.6967021716297,-74.09423189042354,-74.11278004242209
9,16,40.72446710315183,40.71058463739077,-74.09423189042354,-74.11278004242209
9,17,40.73834956891289,40.72446710315183,-74.09423189042354,-74.11278004242209
9,18,40.75223203467395,40.73834956891289,-74.09423189042354,-74.11278004242209
9,19,40.766114500435016,40.75223203467395,-74.09423189042354,-74.11278004242209
9,20,40.77999696619608,40.766114500435016,-74.09423189042354,-74.11278004242209
9,21,40.793879431957144,40.77999696619608,-74.09423189042354,-74.11278004242209
9,22,40.8077618977182,40.793879431957144,-74.09423189042354,-74.11278004242209
9,23,40.821644363479265,40.8077618977182,-74.09423189042354,-74.11278004242209
9,24,40.83552682924033,40.821644363479265,-74.09423189042354,-74.11278004242209
9,25,40.849409295001394,40.83552682924033,-74.09423189042354,-74.11278004242209
9,26,40.86329176076246,40.849409295001394,-74.09423189042354,-74.11278004242209
9,27,40.877174226523515,40.86329176076246,-74.09423189042354,-74.11278004242209
9,28,40.89105669228458,40.877174226523515,-74.09423189042354,-74.11278004242209
9,29,40.90493915804564,40.89105669228458,-74.09423189042354,-74.11278004242209
10,0,40.502347650974826,40.48846518521376,-74.075683738425,-74.09423189042354
10,1,40.51623011673589,40.502347650974826,-74.075683738425,-74.09423189042354
10,2,40.53011258249695,40.51623011673589,-74.075683738425,-74.09423189042354
10,3,40.54399504825801,40.53011258249695,-74.075683738425,-74.09423189042354
10,4,40.557877514019076,40.54399504825801,-74.075683738425,-74.09423189042354
10,5,40.57175997978014,40.557877514019076,-74.075683738425,-74.09423189042354
10,6,40.585642445541204,40.57175997978014,-74.075683738425,-74.09423189042354
10,7,40.59952491130226,40.585642445541204,-74.075683738425,-74.09423189042354
10,8,40.613407377063325,40.59952491130226,-74.075683738425,-74.09423189042354
10,9,40.62728984282439,40.613407377063325,-74.075683738425,-74.09423189042354
10,10,40.64117230858545,40.62728984282439,-74.075683738425,-74.09423189042354
10,11,40.65505477434652,40.64117230858545,-74.075683738425,-74.09423189042354
10,12,40.668937240107574,40.65505477434652,-74.075683738425,-74.09423189042354
10,13,40.68281970586864,40.668937240107574,-74.075683738425,-74.09423189042354
10,14,40.6967021716297,40.68281970586864,-74.075683738425,-74.09423189042354
10,15,40.71058463739077,40.6967021716297,-74.075683738425,-74.09423189042354
10,16,40.72446710315183,40.71058463739077,-74.075683738425,-74.09423189042354
10,17,40.73834956891289,40.72446710315183,-74.075683738425,-74.09423189042354
10,18,40.75223203467395,40.73834956891289,-74.075683738425,-74.09423189042354
10,19,40.766114500435016,40.75223203467395,-74.075683738425,-74.09423189042354
10,20,40.77999696619608,40.766114500435016,-74.075683738425,-74.09423189042354
10,21,40.793879431957144,40.77999696619608,-74.075683738425,-74.09423189042354
10,22,40.8077618977182,40.793879431957144,-74.075683738425,-74.09423189042354
10,23,40.821644363479265,40.8077618977182,-74.075683738425,-74.09423189042354
10,24,40.83552682924033,40.821644363479265,-74.075683738425,-74.09423189042354
10,25,40.849409295001394,40.83552682924033,-74.075683738425,-74.09423189042354
10,26,40.86329176076246,40.849409295001394,-74.075683738425,-74.09423189042354
10,27,40.877174226523515,40.86329176076246,-74.075683738425,-74.09423189042354
10,28,40.89105669228458,40.877174226523515,-74.075683738425,-74.09423189042354
10,29,40.90493915804564,40.89105669228458,-74.075683738425,-74.09423189042354
11,0,40.502347650974826,40.48846518521376,-74.05713558642647,-74.075683738425
11,1,40.51623011673589,40.502347650974826,-74.05713558642647,-74.075683738425
11,2,40.53011258249695,40.51623011673589,-74.05713558642647,-74.075683738425
11,3,40.54399504825801,40.53011258249695,-74.05713558642647,-74.075683738425
11,4,40.557877514019076,40.54399504825801,-74.05713558642647,-74.075683738425
11,5,40.57175997978014,40.557877514019076,-74.05713558642647,-74.075683738425
11,6,40.585642445541204,40.57175997978014,-74.05713558642647,-74.075683738425
11,7,40.59952491130226,40.585642445541204,-74.05713558642647,-74.075683738425
11,8,40.613407377063325,40.59952491130226,-74.05713558642647,-74.075683738425
11,9,40.62728984282439,40.613407377063325,-74.05713558642647,-74.075683738425
11,10,40.64117230858545,40.62728984282439,-74.05713558642647,-74.075683738425
11,11,40.65505477434652,40.64117230858545,-74.05713558642647,-74.075683738425
11,12,40.668937240107574,40.65505477434652,-74.05713558642647,-74.075683738425
11,13,40.68281970586864,40.668937240107574,-74.05713558642647,-74.075683738425
11,14,40.6967021716297,40.68281970586864,-74.05713558642647,-74.075683738425
11,15,40.71058463739077,40.6967021716297,-74.05713558642647,-74.075683738425
11,16,40.72446710315183,40.71058463739077,-74.05713558642647,-74.075683738425
11,17,40.73834956891289,40.72446710315183,-74.05713558642647,-74.075683738425
11,18,40.75223203467395,40.73834956891289,-74.05713558642647,-74.075683738425
11,19,40.766114500435016,40.75223203467395,-74.05713558642647,-74.075683738425
11,20,40.77999696619608,40.766114500435016,-74.05713558642647,-74.075683738425
11,21,40.793879431957144,40.77999696619608,-74.05713558642647,-74.075683738425
11,22,40.8077618977182,40.793879431957144,-74.05713558642647,-74.075683738425
11,23,40.821644363479265,40.8077618977182,-74.05713558642647,-74.075683738425
11,24,40.83552682924033,40.821644363479265,-74.05713558642647,-74.075683738425
11,25,40.849409295001394,40.83552682924033,-74.05713558642647,-74.075683738425
11,26,40.86329176076246,40.849409295001394,-74.05713558642647,-74.075683738425
11,27,40.877174226523515,40.86329176076246,-74.05713558642647,-74.075683738425
11,28,40.89105669228458,40.877174226523515,-74.05713558642647,-74.075683738425
11,29,40.90493915804564,40.89105669228458,-74.05713558642647,-74.075683738425
12,0,40.502347650974826,40.48846518521376,-74.03858743442792,-74.05713558642647
12,1,40.51623011673589,40.502347650974826,-74.03858743442792,-74.05713558642647
12,2,40.53011258249695,40.51623011673589,-74.03858743442792,-74.05713558642647
12,3,40.54399504825801,40.53011258249695,-74.03858743442792,-74.05713558642647
12,4,40.557877514019076,40.54399504825801,-74.03858743442792,-74.05713558642647
12,5,40.57175997978014,40.557877514019076,-74.03858743442792,-74.05713558642647
12,6,40.585642445541204,40.57175997978014,-74.03858743442792,-74.05713558642647
12,7,40.59952491130226,40.585642445541204,-74.03858743442792,-74.05713558642647
12,8,40.613407377063325,40.59952491130226,-74.03858743442792,-74.05713558642647
12,9,40.62728984282439,40.613407377063325,-74.03858743442792,-74.05713558642647
12,10,40.64117230858545,40.62728984282439,-74.03858743442792,-74.05713558642647
12,11,40.65505477434652,40.64117230858545,-74.03858743442792,-74.05713558642647
12,12,40.668937240107574,40.65505477434652,-74.03858743442792,-74.05713558642647
12,13,40.68281970586864,40.668937240107574,-74.03858743442792,-74.05713558642647
12,14,40.6967021716297,40.68281970586864,-74.03858743442792,-74.05713558642647
12,15,40.71058463739077,40.6967021716297,-74.03858743442792,-74.05713558642647
12,16,40.72446710315183,40.71058463739077,-74.03858743442792,-74.05713558642647
12,17,40.73834956891289,40.72446710315183,-74.03858743442792,-74.05713558642647
12,18,40.75223203467395,40.73834956891289,-74.03858743442792,-74.05713558642647
12,19,40.766114500435016,40.75223203467395,-74.03858743442792,-74.05713558642647
12,20,40.77999696619608,40.766114500435016,-74.03858743442792,-74.05713558642647
12,21,40.793879431957144,40.77999696619608,-74.03858743442792,-74.05713558642647
12,22,40.8077618977182,40.793879431957144,-74.03858743442792,-74.05713558642647
12,23,40.821644363479265,40.8077618977182,-74.03858743442792,-74.05713558642647
12,24,40.83552682924033,40.821644363479265,-74.03858743442792,-74.05713558642647
12,25,40.849409295001394,40.83552682924033,-74.03858743442792,-74.05713558642647
12,26,40.86329176076246,40.849409295001394,-74.03858743442792,-74.05713558642647
12,27,40.877174226523515,40.86329176076246,-74.03858743442792,-74.05713558642647
12,28,40.89105669228458,40.877174226523515,-74.03858743442792,-74.05713558642647
12,29,40.90493915804564,40.89105669228458,-74.03858743442792,-74.05713558642647
13,0,40.502347650974826,40.48846518521376,-74.0200392824294,-74.03858743442792
13,1,40.51623011673589,40.502347650974826,-74.0200392824294,-74.03858743442792
13,2,40.53011258249695,40.51623011673589,-74.0200392824294,-74.03858743442792
13,3,40.54399504825801,40.53011258249695,-74.0200392824294,-74.03858743442792
13,4,40.557877514019076,40.54399504825801,-74.0200392824294,-74.03858743442792
13,5,40.57175997978014,40.557877514019076,-74.0200392824294,-74.03858743442792
13,6,40.585642445541204,40.57175997978014,-74.0200392824294,-74.03858743442792
13,7,40.59952491130226,40.585642445541204,-74.0200392824294,-74.03858743442792
13,8,40.613407377063325,40.59952491130226,-74.0200392824294,-74.03858743442792
13,9,40.62728984282439,40.613407377063325,-74.0200392824294,-74.03858743442792
13,10,40.64117230858545,40.62728984282439,-74.0200392824294,-74.03858743442792
13,11,40.65505477434652,40.64117230858545,-74.0200392824294,-74.03858743442792
13,12,40.668937240107574,40.65505477434652,-74.0200392824294,-74.03858743442792
13,13,40.68281970586864,40.668937240107574,-74.0200392824294,-74.03858743442792
13,14,40.6967021716297,40.68281970586864,-74.0200392824294,-74.03858743442792
13,15,40.71058463739077,40.6967021716297,-74.0200392824294,-74.03858743442792
13,16,40.72446710315183,40.71058463739077,-74.0200392824294,-74.03858743442792
13,17,40.73834956891289,40.72446710315183,-74.0200392824294,-74.03858743442792
13,18,40.75223203467395,40.73834956891289,-74.0200392824294,-74.03858743442792
13,19,40.766114500435016,40.75223203467395,-74.0200392824294,-74.03858743442792
13,20,40.77999696619608,40.766114500435016,-74.0200392824294,-74.03858743442792
13,21,40.793879431957144,40.77999696619608,-74.0200392824294,-74.03858743442792
13,22,40.8077618977182,40.793879431957144,-74.0200392824294,-74.03858743442792
13,23,40.821644363479265,40.8077618977182,-74.0200392824294,-74.03858743442792
13,24,40.83552682924033,40.821644363479265,-74.0200392824294,-74.03858743442792
13,25,40.849409295001394,40.83552682924033,-74.0200392824294,-74.03858743442792
13,26,40.86329176076246,40.849409295001394,-74.0200392824294,-74.03858743442792
13,27,40.877174226523515,40.86329176076246,-74.0200392824294,-74.03858743442792
13,28,40.89105669228458,40.877174226523515,-74.0200392824294,-74.03858743442792
13,29,40.90493915804564,40.89105669228458,-74.0200392824294,-74.03858743442792
14,0,40.502347650974826,40.48846518521376,-74.00149113043085,-74.0200392824294
14,1,40.51623011673589,40.502347650974826,-74.00149113043085,-74.0200392824294
14,2,40.53011258249695,40.51623011673589,-74.00149113043085,-74.0200392824294
14,3,40.54399504825801,40.53011258249695,-74.00149113043085,-74.0200392824294
14,4,40.557877514019076,40.54399504825801,-74.00149113043085,-74.0200392824294
14,5,40.57175997978014,40.557877514019076,-74.00149113043085,-74.0200392824294
14,6,40.585642445541204,40.57175997978014,-74.00149113043085,-74.0200392824294
14,7,40.59952491130226,40.585642445541204,-74.00149113043085,-74.0200392824294
14,8,40.613407377063325,40.59952491130226,-74.00149113043085,-74.0200392824294
14,9,40.62728984282439,40.613407377063325,-74.00149113043085,-74.0200392824294
14,10,40.64117230858545,40.62728984282439,-74.00149113043085,-74.0200392824294
14,11,40.65505477434652,40.64117230858545,-74.00149113043085,-74.0200392824294
14,12,40.668937240107574,40.65505477434652,-74.00149113043085,-74.0200392824294
14,13,40.68281970586864,40.668937240107574,-74.00149113043085,-74.0200392824294
14,14,40.6967021716297,40.68281970586864,-74.00149113043085,-74.0200392824294
14,15,40.71058463739077,40.6967021716297,-74.00149113043085,-74.0200392824294
14,16,40.72446710315183,40.71058463739077,-74.00149113043085,-74.0200392824294
14,17,40.73834956891289,40.72446710315183,-74.00149113043085,-74.0200392824294
14,18,40.75223203467395,40.73834956891289,-74.00149113043085,-74.0200392824294
14,19,40.766114500435016,40.75223203467395,-74.00149113043085,-74.0200392824294
14,20,40.77999696619608,40.766114500435016,-74.00149113043085,-74.0200392824294
14,21,40.793879431957144,40.77999696619608,-74.00149113043085,-74.0200392824294
14,22,40.8077618977182,40.793879431957144,-74.00149113043085,-74.0200392824294
14,23,40.821644363479265,40.8077618977182,-74.00149113043085,-74.0200392824294
14,24,40.83552682924033,40.821644363479265,-74.00149113043085,-74.0200392824294
14,25,40.849409295001394,40.83552682924033,-74.00149113043085,-74.0200392824294
14,26,40.86329176076246,40.849409295001394,-74.00149113043085,-74.0200392824294
14,27,40.877174226523515,40.86329176076246,-74.00149113043085,-74.0200392824294
14,28,40.89105669228458,40.877174226523515,-74.00149113043085,-74.0200392824294
14,29,40.90493915804564,40.89105669228458,-74.00149113043085,-74.0200392824294
15,0,40.502347650974826,40.48846518521376,-73.9829429784323,-74.00149113043085
15,1,40.51623011673589,40.502347650974826,-73.9829429784323,-74.00149113043085
15,2,40.53011258249695,40.51623011673589,-73.9829429784323,-74.00149113043085
15,3,40.54399504825801,40.53011258249695,-73.9829429784323,-74.00149113043085
15,4,40.557877514019076,40.54399504825801,-73.9829429784323,-74.00149113043085
15,5,40.57175997978014,40.557877514019076,-73.9829429784323,-74.00149113043085
15,6,40.585642445541204,40.57175997978014,-73.9829429784323,-74.00149113043085
15,7,40.59952491130226,40.585642445541204,-73.9829429784323,-74.00149113043085
15,8,40.613407377063325,40.59952491130226,-73.9829429784323,-74.00149113043085
15,9,40.62728984282439,40.613407377063325,-73.9829429784323,-74.00149113043085
15,10,40.64117230858545,40.62728984282439,-73.9829429784323,-74.00149113043085
15,11,40.65505477434652,40.64117230858545,-73.9829429784323,-74.00149113043085
15,12,40.668937240107574,40.65505477434652,-73.9829429784323,-74.00149113043085
15,13,40.68281970586864,40.668937240107574,-73.9829429784323,-74.00149113043085
15,14,40.6967021716297,40.68281970586864,-73.9829429784323,-74.00149113043085
15,15,40.71058463739077,40.6967021716297,-73.9829429784323,-74.00149113043085
15,16,40.72446710315183,40.71058463739077,-73.9829429784323,-74.00149113043085
15,17,40.73834956891289,40.72446710315183,-73.9829429784323,-74.00149113043085
15,18,40.75223203467395,40.73834956891289,-73.9829429784323,-74.00149113043085
15,19,40.766114500435016,40.75223203467395,-73.9829429784323,-74.00149113043085
15,20,40.77999696619608,40.766114500435016,-73.9829429784323,-74.00149113043085
15,21,40.793879431957144,40.77999696619608,-73.9829429784323,-74.00149113043085
15,22,40.8077618977182,40.793879431957144,-73.9829429784323,-74.00149113043085
15,23,40.821644363479265,40.8077618977182,-73.9829429784323,-74.00149113043085
15,24,40.83552682924033,40.821644363479265,-73.9829429784323,-74.00149113043085
15,25,40.849409295001394,40.83552682924033,-73.9829429784323,-74.00149113043085
15,26,40.86329176076246,40.849409295001394,-73.9829429784323,-74.00149113043085
15,27,40.877174226523515,40.86329176076246,-73.9829429784323,-74.00149113043085
15,28,40.89105669228458,40.877174226523515,-73.9829429784323,-74.00149113043085
15,29,40.90493915804564,40.89105669228458,-73.9829429784323,-74.00149113043085
16,0,40.502347650974826,40.48846518521376,-73.96439482643378,-73.9829429784323
16,1,40.51623011673589,40.502347650974826,-73.96439482643378,-73.9829429784323
16,2,40.53011258249695,40.51623011673589,-73.96439482643378,-73.9829429784323
16,3,40.54399504825801,40.53011258249695,-73.96439482643378,-73.9829429784323
16,4,40.557877514019076,40.54399504825801,-73.96439482643378,-73.9829429784323
16,5,40.57175997978014,40.557877514019076,-73.96439482643378,-73.9829429784323
16,6,40.585642445541204,40.57175997978014,-73.96439482643378,-73.9829429784323
16,7,40.59952491130226,40.585642445541204,-73.96439482643378,-73.9829429784323
16,8,40.613407377063325,40.59952491130226,-73.96439482643378,-73.9829429784323
16,9,40.62728984282439,40.613407377063325,-73.96439482643378,-73.9829429784323
16,10,40.64117230858545,40.62728984282439,-73.96439482643378,-73.9829429784323
16,11,40.65505477434652,40.64117230858545,-73.96439482643378,-73.9829429784323
16,12,40.668937240107574,40.65505477434652,-73.96439482643378,-73.9829429784323
16,13,40.68281970586864,40.668937240107574,-73.96439482643378,-73.9829429784323
16,14,40.6967021716297,40.68281970586864,-73.96439482643378,-73.9829429784323
16,15,40.71058463739077,40.6967021716297,-73.96439482643378,-73.9829429784323
16,16,40.72446710315183,40.71058463739077,-73.96439482643378,-73.9829429784323
16,17,40.73834956891289,40.72446710315183,-73.96439482643378,-73.9829429784323
16,18,40.75223203467395,40.73834956891289,-73.96439482643378,-73.9829429784323
16,19,40.766114500435016,40.75223203467395,-73.96439482643378,-73.9829429784323
16,20,40.77999696619608,40.766114500435016,-73.96439482643378,-73.9829429784323
16,21,40.793879431957144,40.77999696619608,-73.96439482643378,-73.9829429784323
16,22,40.8077618977182,40.793879431957144,-73.96439482643378,-73.9829429784323
16,23,40.821644363479265,40.8077618977182,-73.96439482643378,-73.9829429784323
16,24,40.83552682924033,40.821644363479265,-73.96439482643378,-73.9829429784323
16,25,40.849409295001394,40.83552682924033,-73.96439482643378,-73.9829429784323
16,26,40.86329176076246,40.849409295001394,-73.96439482643378,-73.9829429784323
16,27,40.877174226523515,40.86329176076246,-73.96439482643378,-73.9829429784323
16,28,40.89105669228458,40.877174226523515,-73.96439482643378,-73.9829429784323
16,29,40.90493915804564,40.89105669228458,-73.96439482643378,-73.9829429784323
17,0,40.502347650974826,40.48846518521376,-73.94584667443523,-73.96439482643378
17,1,40.51623011673589,40.502347650974826,-73.94584667443523,-73.96439482643378
17,2,40.53011258249695,40.51623011673589,-73.94584667443523,-73.96439482643378
17,3,40.54399504825801,40.53011258249695,-73.94584667443523,-73.96439482643378
17,4,40.557877514019076,40.54399504825801,-73.94584667443523,-73.96439482643378
17,5,40.57175997978014,40.557877514019076,-73.94584667443523,-73.96439482643378
17,6,40.585642445541204,40.57175997978014,-73.94584667443523,-73.96439482643378
17,7,40.59952491130226,40.585642445541204,-73.94584667443523,-73.96439482643378
17,8,40.613407377063325,40.59952491130226,-73.94584667443523,-73.96439482643378
17,9,40.62728984282439,40.613407377063325,-73.94584667443523,-73.96439482643378
17,10,40.64117230858545,40.62728984282439,-73.94584667443523,-73.96439482643378
17,11,40.65505477434652,40.64117230858545,-73.94584667443523,-73.96439482643378
17,12,40.668937240107574,40.65505477434652,-73.94584667443523,-73.96439482643378
17,13,40.68281970586864,40.668937240107574,-73.94584667443523,-73.96439482643378
17,14,40.6967021716297,40.68281970586864,-73.94584667443523,-73.96439482643378
17,15,40.71058463739077,40.6967021716297,-73.94584667443523,-73.96439482643378
17,16,40.72446710315183,40.71058463739077,-73.94584667443523,-73.96439482643378
17,17,40.73834956891289,40.72446710315183,-73.94584667443523,-73.96439482643378
17,18,40.75223203467395,40.73834956891289,-73.94584667443523,-73.96439482643378
17,19,40.766114500435016,40.75223203467395,-73.94584667443523,-73.96439482643378
17,20,40.77999696619608,40.766114500435016,-73.94584667443523,-73.96439482643378
17,21,40.793879431957144,40.77999696619608,-73.94584667443523,-73.96439482643378
17,22,40.8077618977182,40.793879431957144,-73.94584667443523,-73.96439482643378
17,23,40.821644363479265,40.8077618977182,-73.94584667443523,-73.96439482643378
17,24,40.83552682924033,40.821644363479265,-73.94584667443523,-73.96439482643378
17,25,40.849409295001394,40.83552682924033,-73.94584667443523,-73.96439482643378
17,26,40.86329176076246,40.849409295001394,-73.94584667443523,-73.96439482643378
17,27,40.877174226523515,40.86329176076246,-73.94584667443523,-73.96439482643378
17,28,40.89105669228458,40.877174226523515,-73.94584667443523,-73.96439482643378
17,29,40.90493915804564,40.89105669228458,-73.94584667443523,-73.96439482643378
18,0,40.502347650974826,40.48846518521376,-73.9272985224367,-73.94584667443523
18,1,40.51623011673589,40.502347650974826,-73.9272985224367,-73.94584667443523
18,2,40.53011258249695,40.51623011673589,-73.9272985224367,-73.94584667443523
18,3,40.54399504825801,40.53011258249695,-73.9272985224367,-73.94584667443523
18,4,40.557877514019076,40.54399504825801,-73.9272985224367,-73.94584667443523
18,5,40.57175997978014,40.557877514019076,-73.9272985224367,-73.94584667443523
18,6,40.585642445541204,40.57175997978014,-73.9272985224367,-73.94584667443523
18,7,40.59952491130226,40.585642445541204,-73.9272985224367,-73.94584667443523
18,8,40.613407377063325,40.59952491130226,-73.9272985224367,-73.94584667443523
18,9,40.62728984282439,40.613407377063325,-73.9272985224367,-73.94584667443523
18,10,40.64117230858545,40.62728984282439,-73.9272985224367,-73.94584667443523
18,11,40.65505477434652,40.64117230858545,-73.9272985224367,-73.94584667443523
18,12,40.668937240107574,40.65505477434652,-73.9272985224367,-73.94584667443523
18,13,40.68281970586864,40.668937240107574,-73.9272985224367,-73.94584667443523
18,14,40.6967021716297,40.68281970586864,-73.9272985224367,-73.94584667443523
18,15,40.71058463739077,40.6967021716297,-73.9272985224367,-73.94584667443523
18,16,40.72446710315183,40.71058463739077,-73.9272985224367,-73.94584667443523
18,17,40.73834956891289,40.72446710315183,-73.9272985224367,-73.94584667443523
18,18,40.75223203467395,40.73834956891289,-73.9272985224367,-73.94584667443523
18,19,40.766114500435016,40.75223203467395,-73.9272985224367,-73.94584667443523
18,20,40.77999696619608,40.766114500435016,-73.9272985224367,-73.94584667443523
18,21,40.793879431957144,40.77999696619608,-73.9272985224367,-73.94584667443523
18,22,40.8077618977182,40.793879431957144,-73.9272985224367,-73.94584667443523
18,23,40.821644363479265,40.8077618977182,-73.9272985224367,-73.94584667443523
18,24,40.83552682924033,40.821644363479265,-73.9272985224367,-73.94584667443523
18,25,40.849409295001394,40.83552682924033,-73.9272985224367,-73.94584667443523
18,26,40.86329176076246,40.849409295001394,-73.9272985224367,-73.94584667443523
18,27,40.877174226523515,40.86329176076246,-73.9272985224367,-73.94584667443523
18,28,40.89105669228458,40.877174226523515,-73.9272985224367,-73.94584667443523
18,29,40.90493915804564,40.89105669228458,-73.9272985224367,-73.94584667443523
19,0,40.502347650974826,40.48846518521376,-73.90875037043816,-73.9272985224367
19,1,40.51623011673589,40.502347650974826,-73.90875037043816,-73.9272985224367
19,2,40.53011258249695,40.51623011673589,-73.90875037043816,-73.9272985224367
19,3,40.54399504825801,40.53011258249695,-73.90875037043816,-73.9272985224367
19,4,40.557877514019076,40.54399504825801,-73.90875037043816,-73.9272985224367
19,5,40.57175997978014,40.557877514019076,-73.90875037043816,-73.9272985224367
19,6,40.585642445541204,40.57175997978014,-73.90875037043816,-73.9272985224367
19,7,40.59952491130226,40.585642445541204,-73.90875037043816,-73.9272985224367
19,8,40.613407377063325,40.59952491130226,-73.90875037043816,-73.9272985224367
19,9,40.62728984282439,40.613407377063325,-73.90875037043816,-73.9272985224367
19,10,40.64117230858545,40.62728984282439,-73.90875037043816,-73.9272985224367
19,11,40.65505477434652,40.64117230858545,-73.90875037043816,-73.9272985224367
19,12,40.668937240107574,40.65505477434652,-73.90875037043816,-73.9272985224367
19,13,40.68281970586864,40.668937240107574,-73.90875037043816,-73.9272985224367
19,14,40.6967021716297,40.68281970586864,-73.90875037043816,-73.9272985224367
19,15,40.71058463739077,40.6967021716297,-73.90875037043816,-73.9272985224367
19,16,40.72446710315183,40.71058463739077,-73.90875037043816,-73.9272985224367
19,17,40.73834956891289,40.72446710315183,-73.90875037043816,-73.9272985224367
19,18,40.75223203467395,40.73834956891289,-73.90875037043816,-73.9272985224367
19,19,40.766114500435016,40.75223203467395,-73.90875037043816,-73.9272985224367
19,20,40.77999696619608,40.766114500435016,-73.90875037043816,-73.9272985224367
19,21,40.793879431957144,40.77999696619608,-73.90875037043816,-73.9272985224367
19,22,40.8077618977182,40.793879431957144,-73.90875037043816,-73.9272985224367
19,23,40.821644363479265,40.8077618977182,-73.90875037043816,-73.9272985224367
19,24,40.83552682924033,40.821644363479265,-73.90875037043816,-73.9272985224367
19,25,40.849409295001394,40.83552682924033,-73.90875037043816,-73.9272985224367
19,26,40.86329176076246,40.849409295001394,-73.90875037043816,-73.9272985224367
19,27,40.877174226523515,40.86329176076246,-73.90875037043816,-73.9272985224367
19,28,40.89105669228458,40.877174226523515,-73.90875037043816,-73.9272985224367
19,29,40.90493915804564,40.89105669228458,-73.90875037043816,-73.9272985224367
20,0,40.502347650974826,40.48846518521376,-73.89020221843961,-73.90875037043816
20,1,40.51623011673589,40.502347650974826,-73.89020221843961,-73.90875037043816
20,2,40.53011258249695,40.51623011673589,-73.89020221843961,-73.90875037043816
20,3,40.54399504825801,40.53011258249695,-73.89020221843961,-73.90875037043816
20,4,40.557877514019076,40.54399504825801,-73.89020221843961,-73.90875037043816
20,5,40.57175997978014,40.557877514019076,-73.89020221843961,-73.90875037043816
20,6,40.585642445541204,40.57175997978014,-73.89020221843961,-73.90875037043816
20,7,40.59952491130226,40.585642445541204,-73.89020221843961,-73.90875037043816
20,8,40.613407377063325,40.59952491130226,-73.89020221843961,-73.90875037043816
20,9,40.62728984282439,40.613407377063325,-73.89020221843961,-73.90875037043816
20,10,40.64117230858545,40.62728984282439,-73.89020221843961,-73.90875037043816
20,11,40.65505477434652,40.64117230858545,-73.89020221843961,-73.90875037043816
20,12,40.668937240107574,40.65505477434652,-73.89020221843961,-73.90875037043816
20,13,40.68281970586864,40.668937240107574,-73.89020221843961,-73.90875037043816
20,14,40.6967021716297,40.68281970586864,-73.89020221843961,-73.90875037043816
20,15,40.71058463739077,40.6967021716297,-73.89020221843961,-73.90875037043816
20,16,40.72446710315183,40.71058463739077,-73.89020221843961,-73.90875037043816
20,17,40.73834956891289,40.72446710315183,-73.89020221843961,-73.90875037043816
20,18,40.75223203467395,40.73834956891289,-73.89020221843961,-73.90875037043816
20,19,40.766114500435016,40.75223203467395,-73.89020221843961,-73.90875037043816
20,20,40.77999696619608,40.766114500435016,-73.89020221843961,-73.90875037043816
20,21,40.793879431957144,40.77999696619608,-73.89020221843961,-73.90875037043816
20,22,40.8077618977182,40.793879431957144,-73.89020221843961,-73.90875037043816
20,23,40.821644363479265,40.8077618977182,-73.89020221843961,-73.90875037043816
20,24,40.83552682924033,40.821644363479265,-73.89020221843961,-73.90875037043816
20,25,40.849409295001394,40.83552682924033,-73.89020221843961,-73.90875037043816
20,26,40.86329176076246,40.849409295001394,-73.89020221843961,-73.90875037043816
20,27,40.877174226523515,40.86329176076246,-73.89020221843961,-73.90875037043816
20,28,40.89105669228458,40.877174226523515,-73.89020221843961,-73.90875037043816
20,29,40.90493915804564,40.89105669228458,-73.89020221843961,-73.90875037043816
21,0,40.502347650974826,40.48846518521376,-73.87165406644108,-73.89020221843961
21,1,40.51623011673589,40.502347650974826,-73.87165406644108,-73.89020221843961
21,2,40.53011258249695,40.51623011673589,-73.87165406644108,-73.89020221843961
21,3,40.54399504825801,40.53011258249695,-73.87165406644108,-73.89020221843961
21,4,40.557877514019076,40.54399504825801,-73.87165406644108,-73.89020221843961
21,5,40.57175997978014,40.557877514019076,-73.87165406644108,-73.89020221843961
21,6,40.585642445541204,40.57175997978014,-73.87165406644108,-73.89020221843961
21,7,40.59952491130226,40.585642445541204,-73.87165406644108,-73.89020221843961
21,8,40.613407377063325,40.59952491130226,-73.87165406644108,-73.89020221843961
21,9,40.62728984282439,40.613407377063325,-73.87165406644108,-73.89020221843961
21,10,40.64117230858545,40.62728984282439,-73.87165406644108,-73.89020221843961
21,11,40.65505477434652,40.64117230858545,-73.87165406644108,-73.89020221843961
21,12,40.668937240107574,40.65505477434652,-73.87165406644108,-73.89020221843961
21,13,40.68281970586864,40.668937240107574,-73.87165406644108,-73.89020221843961
21,14,40.6967021716297,40.68281970586864,-73.87165406644108,-73.89020221843961
21,15,40.71058463739077,40.6967021716297,-73.87165406644108,-73.89020221843961
21,16,40.72446710315183,40.71058463739077,-73.87165406644108,-73.89020221843961
21,17,40.73834956891289,40.72446710315183,-73.87165406644108,-73.89020221843961
21,18,40.75223203467395,40.73834956891289,-73.87165406644108,-73.89020221843961
21,19,40.766114500435016,40.75223203467395,-73.87165406644108,-73.89020221843961
21,20,40.77999696619608,40.766114500435016,-73.87165406644108,-73.89020221843961
21,21,40.793879431957144,40.77999696619608,-73.87165406644108,-73.89020221843961
21,22,40.8077618977182,40.793879431957144,-73.87165406644108,-73.89020221843961
21,23,40.821644363479265,40.8077618977182,-73.87165406644108,-73.89020221843961
21,24,40.83552682924033,40.821644363479265,-73.87165406644108,-73.89020221843961
21,25,40.849409295001394,40.83552682924033,-73.87165406644108,-73.89020221843961
21,26,40.86329176076246,40.849409295001394,-73.87165406644108,-73.89020221843961
21,27,40.877174226523515,40.86329176076246,-73.87165406644108,-73.89020221843961
21,28,40.89105669228458,40.877174226523515,-73.87165406644108,-73.89020221843961
21,29,40.90493915804564,40.89105669228458,-73.87165406644108,-73.89020221843961
22,0,40.502347650974826,40.48846518521376,-73.85310591444254,-73.87165406644108
22,1,40.51623011673589,40.502347650974826,-73.85310591444254,-73.87165406644108
22,2,40.53011258249695,40.51623011673589,-73.85310591444254,-73.87165406644108
22,3,40.54399504825801,40.53011258249695,-73.85310591444254,-73.87165406644108
22,4,40.557877514019076,40.54399504825801,-73.85310591444254,-73.87165406644108
22,5,40.57175997978014,40.557877514019076,-73.85310591444254,-73.87165406644108
22,6,40.585642445541204,40.57175997978014,-73.85310591444254,-73.87165406644108
22,7,40.59952491130226,40.585642445541204,-73.85310591444254,-73.87165406644108
22,8,40.613407377063325,40.59952491130226,-73.85310591444254,-73.87165406644108
22,9,40.62728984282439,40.613407377063325,-73.85310591444254,-73.87165406644108
22,10,40.64117230858545,40.62728984282439,-73.85310591444254,-73.87165406644108
22,11,40.65505477434652,40.64117230858545,-73.85310591444254,-73.87165406644108
22,12,40.668937240107574,40.65505477434652,-73.85310591444254,-73.87165406644108
22,13,40.68281970586864,40.668937240107574,-73.85310591444254,-73.87165406644108
22,14,40.6967021716297,40.68281970586864,-73.85310591444254,-73.87165406644108
22,15,40.71058463739077,40.6967021716297,-73.85310591444254,-73.87165406644108
22,16,40.72446710315183,40.71058463739077,-73.85310591444254,-73.87165406644108
22,17,40.73834956891289,40.72446710315183,-73.85310591444254,-73.87165406644108
22,18,40.75223203467395,40.73834956891289,-73.85310591444254,-73.87165406644108
22,19,40.766114500435016,40.75223203467395,-73.85310591444254,-73.87165406644108
22,20,40.77999696619608,40.766114500435016,-73.85310591444254,-73.87165406644108
22,21,40.793879431957144,40.77999696619608,-73.85310591444254,-73.87165406644108
22,22,40.8077618977182,40.793879431957144,-73.85310591444254,-73.87165406644108
22,23,40.821644363479265,40.8077618977182,-73.85310591444254,-73.87165406644108
22,24,40.83552682924033,40.821644363479265,-73.85310591444254,-73.87165406644108
22,25,40.849409295001394,40.83552682924033,-73.85310591444254,-73.87165406644108
22,26,40.86329176076246,40.849409295001394,-73.85310591444254,-73.87165406644108
22,27,40.877174226523515,40.86329176076246,-73.85310591444254,-73.87165406644108
22,28,40.89105669228458,40.877174226523515,-73.85310591444254,-73.87165406644108
22,29,40.90493915804564,40.89105669228458,-73.85310591444254,-73.87165406644108
23,0,40.502347650974826,40.48846518521376,-73.834557762444,-73.85310591444254
23,1,40.51623011673589,40.502347650974826,-73.834557762444,-73.85310591444254
23,2,40.53011258249695,40.51623011673589,-73.834557762444,-73.85310591444254
23,3,40.54399504825801,40.53011258249695,-73.834557762444,-73.85310591444254
23,4,40.557877514019076,40.54399504825801,-73.834557762444,-73.85310591444254
23,5,40.57175997978014,40.557877514019076,-73.834557762444,-73.85310591444254
23,6,40.585642445541204,40.57175997978014,-73.834557762444,-73.85310591444254
23,7,40.59952491130226,40.585642445541204,-73.834557762444,-73.85310591444254
23,8,40.613407377063325,40.59952491130226,-73.834557762444,-73.85310591444254
23,9,40.62728984282439,40.613407377063325,-73.834557762444,-73.85310591444254
23,10,40.64117230858545,40.62728984282439,-73.834557762444,-73.85310591444254
23,11,40.65505477434652,40.64117230858545,-73.834557762444,-73.85310591444254
23,12,40.668937240107574,40.65505477434652,-73.834557762444,-73.85310591444254
23,13,40.68281970586864,40.668937240107574,-73.834557762444,-73.85310591444254
23,14,40.6967021716297,40.68281970586864,-73.834557762444,-73.85310591444254
23,15,40.71058463739077,40.6967021716297,-73.834557762444,-73.85310591444254
23,16,40.72446710315183,40.71058463739077,-73.834557762444,-73.85310591444254
23,17,40.73834956891289,40.72446710315183,-73.834557762444,-73.85310591444254
23,18,40.75223203467395,40.73834956891289,-73.834557762444,-73.85310591444254
23,19,40.766114500435016,40.75223203467395,-73.834557762444,-73.85310591444254
23,20,40.77999696619608,40.766114500435016,-73.834557762444,-73.85310591444254
23,21,40.793879431957144,40.77999696619608,-73.834557762444,-73.85310591444254
23,22,40.8077618977182,40.793879431957144,-73.834557762444,-73.85310591444254
23,23,40.821644363479265,40.8077618977182,-73.834557762444,-73.85310591444254
23,24,40.83552682924033,40.821644363479265,-73.834557762444,-73.85310591444254
23,25,40.849409295001394,40.83552682924033,-73.834557762444,-73.85310591444254
23,26,40.86329176076246,40.849409295001394,-73.834557762444,-73.85310591444254
23,27,40.877174226523515,40.86329176076246,-73.834557762444,-73.85310591444254
23,28,40.89105669228458,40.877174226523515,-73.834557762444,-73.85310591444254
23,29,40.90493915804564,40.89105669228458,-73.834557762444,-73.85310591444254
24,0,40.502347650974826,40.48846518521376,-73.81600961044546,-73.834557762444
24,1,40.51623011673589,40.502347650974826,-73.81600961044546,-73.834557762444
24,2,40.53011258249695,40.51623011673589,-73.81600961044546,-73.834557762444
24,3,40.54399504825801,40.53011258249695,-73.81600961044546,-73.834557762444
24,4,40.557877514019076,40.54399504825801,-73.81600961044546,-73.834557762444
24,5,40.57175997978014,40.557877514019076,-73.81600961044546,-73.834557762444
24,6,40.585642445541204,40.57175997978014,-73.81600961044546,-73.834557762444
24,7,40.59952491130226,40.585642445541204,-73.81600961044546,-73.834557762444
24,8,40.613407377063325,40.59952491130226,-73.81600961044546,-73.834557762444
24,9,40.62728984282439,40.613407377063325,-73.81600961044546,-73.834557762444
24,10,40.64117230858545,40.62728984282439,-73.81600961044546,-73.834557762444
24,11,40.65505477434652,40.64117230858545,-73.81600961044546,-73.834557762444
24,12,40.668937240107574,40.65505477434652,-73.81600961044546,-73.834557762444
24,13,40.68281970586864,40.668937240107574,-73.81600961044546,-73.834557762444
24,14,40.6967021716297,40.68281970586864,-73.81600961044546,-73.834557762444
24,15,40.71058463739077,40.6967021716297,-73.81600961044546,-73.834557762444
24,16,40.72446710315183,40.71058463739077,-73.81600961044546,-73.834557762444
24,17,40.73834956891289,40.72446710315183,-73.81600961044546,-73.834557762444
24,18,40.75223203467395,40.73834956891289,-73.81600961044546,-73.834557762444
24,19,40.766114500435016,40.75223203467395,-73.81600961044546,-73.834557762444
24,20,40.77999696619608,40.766114500435016,-73.81600961044546,-73.834557762444
24,21,40.793879431957144,40.77999696619608,-73.81600961044546,-73.834557762444
24,22,40.8077618977182,40.793879431957144,-73.81600961044546,-73.834557762444
24,23,40.821644363479265,40.8077618977182,-73.81600961044546,-73.834557762444
24,24,40.83552682924033,40.821644363479265,-73.81600961044546,-73.834557762444
24,25,40.849409295001394,40.83552682924033,-73.81600961044546,-73.834557762444
24,26,40.86329176076246,40.849409295001394,-73.81600961044546,-73.834557762444
24,27,40.877174226523515,40.86329176076246,-73.81600961044546,-73.834557762444
24,28,40.89105669228458,40.877174226523515,-73.81600961044546,-73.834557762444
24,29,40.90493915804564,40.89105669228458,-73.81600961044546,-73.834557762444
25,0,40.502347650974826,40.48846518521376,-73.79746145844692,-73.81600961044546
25,1,40.51623011673589,40.502347650974826,-73.79746145844692,-73.81600961044546
25,2,40.53011258249695,40.51623011673589,-73.79746145844692,-73.81600961044546
25,3,40.54399504825801,40.53011258249695,-73.79746145844692,-73.81600961044546
25,4,40.557877514019076,40.54399504825801,-73.79746145844692,-73.81600961044546
25,5,40.57175997978014,40.557877514019076,-73.79746145844692,-73.81600961044546
25,6,40.585642445541204,40.57175997978014,-73.79746145844692,-73.81600961044546
25,7,40.59952491130226,40.585642445541204,-73.79746145844692,-73.81600961044546
25,8,40.613407377063325,40.59952491130226,-73.79746145844692,-73.81600961044546
25,9,40.62728984282439,40.613407377063325,-73.79746145844692,-73.81600961044546
25,10,40.64117230858545,40.62728984282439,-73.79746145844692,-73.81600961044546
25,11,40.65505477434652,40.64117230858545,-73.79746145844692,-73.81600961044546
25,12,40.668937240107574,40.65505477434652,-73.79746145844692,-73.81600961044546
25,13,40.68281970586864,40.668937240107574,-73.79746145844692,-73.81600961044546
25,14,40.6967021716297,40.68281970586864,-73.79746145844692,-73.81600961044546
25,15,40.71058463739077,40.6967021716297,-73.79746145844692,-73.81600961044546
25,16,40.72446710315183,40.71058463739077,-73.79746145844692,-73.81600961044546
25,17,40.73834956891289,40.72446710315183,-73.79746145844692,-73.81600961044546
25,18,40.75223203467395,40.73834956891289,-73.79746145844692,-73.81600961044546
25,19,40.766114500435016,40.75223203467395,-73.79746145844692,-73.81600961044546
25,20,40.77999696619608,40.766114500435016,-73.79746145844692,-73.81600961044546
25,21,40.793879431957144,40.77999696619608,-73.79746145844692,-73.81600961044546
25,22,40.8077618977182,40.793879431957144,-73.79746145844692,-73.81600961044546
25,23,40.821644363479265,40.8077618977182,-73.79746145844692,-73.81600961044546
25,24,40.83552682924033,40.821644363479265,-73.79746145844692,-73.81600961044546
25,25,40.849409295001394,40.83552682924033,-73.79746145844692,-73.81600961044546
25,26,40.86329176076246,40.849409295001394,-73.79746145844692,-73.81600961044546
25,27,40.877174226523515,40.86329176076246,-73.79746145844692,-73.81600961044546
25,28,40.89105669228458,40.877174226523515,-73.79746145844692,-73.81600961044546
25,29,40.90493915804564,40.89105669228458,-73.79746145844692,-73.81600961044546
26,0,40.502347650974826,40.48846518521376,-73.77891330644839,-73.79746145844692
26,1,40.51623011673589,40.502347650974826,-73.77891330644839,-73.79746145844692
26,2,40.53011258249695,40.51623011673589,-73.77891330644839,-73.79746145844692
26,3,40.54399504825801,40.53011258249695,-73.77891330644839,-73.79746145844692
26,4,40.557877514019076,40.54399504825801,-73.77891330644839,-73.79746145844692
26,5,40.57175997978014,40.557877514019076,-73.77891330644839,-73.79746145844692
26,6,40.585642445541204,40.57175997978014,-73.77891330644839,-73.79746145844692
26,7,40.59952491130226,40.585642445541204,-73.77891330644839,-73.79746145844692
26,8,40.613407377063325,40.59952491130226,-73.77891330644839,-73.79746145844692
26,9,40.62728984282439,40.613407377063325,-73.77891330644839,-73.79746145844692
26,10,40.64117230858545,40.62728984282439,-73.77891330644839,-73.79746145844692
26,11,40.65505477434652,40.64117230858545,-73.77891330644839,-73.79746145844692
26,12,40.668937240107574,40.65505477434652,-73.77891330644839,-73.79746145844692
26,13,40.68281970586864,40.668937240107574,-73.77891330644839,-73.79746145844692
26,14,40.6967021716297,40.68281970586864,-73.77891330644839,-73.79746145844692
26,15,40.71058463739077,40.6967021716297,-73.77891330644839,-73.79746145844692
26,16,40.72446710315183,40.71058463739077,-73.77891330644839,-73.79746145844692
26,17,40.73834956891289,40.72446710315183,-73.77891330644839,-73.79746145844692
26,18,40.75223203467395,40.73834956891289,-73.77891330644839,-73.79746145844692
26,19,40.766114500435016,40.75223203467395,-73.77891330644839,-73.79746145844692
26,20,40.77999696619608,40.766114500435016,-73.77891330644839,-73.79746145844692
26,21,40.793879431957144,40.77999696619608,-73.77891330644839,-73.79746145844692
26,22,40.8077618977182,40.793879431957144,-73.77891330644839,-73.79746145844692
26,23,40.821644363479265,40.8077618977182,-73.77891330644839,-73.79746145844692
26,24,40.83552682924033,40.821644363479265,-73.77891330644839,-73.79746145844692
26,25,40.849409295001394,40.83552682924033,-73.77891330644839,-73.79746145844692
26,26,40.86329176076246,40.849409295001394,-73.77891330644839,-73.79746145844692
26,27,40.877174226523515,40.86329176076246,-73.77891330644839,-73.79746145844692
26,28,40.89105669228458,40.877174226523515,-73.77891330644839,-73.79746145844692
26,29,40.90493915804564,40.89105669228458,-73.77891330644839,-73.79746145844692
27,0,40.502347650974826,40.48846518521376,-73.76036515444984,-73.77891330644839
27,1,40.51623011673589,40.502347650974826,-73.76036515444984,-73.77891330644839
27,2,40.53011258249695,40.51623011673589,-73.76036515444984,-73.77891330644839
27,3,40.54399504825801,40.53011258249695,-73.76036515444984,-73.77891330644839
27,4,40.557877514019076,40.54399504825801,-73.76036515444984,-73.77891330644839
27,5,40.57175997978014,40.557877514019076,-73.76036515444984,-73.77891330644839
27,6,40.585642445541204,40.57175997978014,-73.76036515444984,-73.77891330644839
27,7,40.59952491130226,40.585642445541204,-73.76036515444984,-73.77891330644839
27,8,40.613407377063325,40.59952491130226,-73.76036515444984,-73.77891330644839
27,9,40.62728984282439,40.613407377063325,-73.76036515444984,-73.77891330644839
27,10,40.64117230858545,40.62728984282439,-73.76036515444984,-73.77891330644839
27,11,40.65505477434652,40.64117230858545,-73.76036515444984,-73.77891330644839
27,12,40.668937240107574,40.65505477434652,-73.76036515444984,-73.77891330644839
27,13,40.68281970586864,40.668937240107574,-73.76036515444984,-73.77891330644839
27,14,40.6967021716297,40.68281970586864,-73.76036515444984,-73.77891330644839
27,15,40.71058463739077,40.6967021716297,-73.76036515444984,-73.77891330644839
27,16,40.72446710315183,40.71058463739077,-73.76036515444984,-73.77891330644839
27,17,40.73834956891289,40.72446710315183,-73.76036515444984,-73.77891330644839
27,18,40.75223203467395,40.73834956891289,-73.76036515444984,-73.77891330644839
27,19,40.766114500435016,40.75223203467395,-73.76036515444984,-73.77891330644839
27,20,40.77999696619608,40.766114500435016,-73.76036515444984,-73.77891330644839
27,21,40.793879431957144,40.77999696619608,-73.76036515444984,-73.77891330644839
27,22,40.8077618977182,40.793879431957144,-73.76036515444984,-73.77891330644839
27,23,40.821644363479265,40.8077618977182,-73.76036515444984,-73.77891330644839
27,24,40.83552682924033,40.821644363479265,-73.76036515444984,-73.77891330644839
27,25,40.849409295001394,40.83552682924033,-73.76036515444984,-73.77891330644839
27,26,40.86329176076246,40.849409295001394,-73.76036515444984,-73.77891330644839
27,27,40.877174226523515,40.86329176076246,-73.76036515444984,-73.77891330644839
27,28,40.89105669228458,40.877174226523515,-73.76036515444984,-73.77891330644839
27,29,40.90493915804564,40.89105669228458,-73.76036515444984,-73.77891330644839
28,0,40.502347650974826,40.48846518521376,-73.74181700245131,-73.76036515444984
28,1,40.51623011673589,40.502347650974826,-73.74181700245131,-73.76036515444984
28,2,40.53011258249695,40.51623011673589,-73.74181700245131,-73.76036515444984
28,3,40.54399504825801,40.53011258249695,-73.74181700245131,-73.76036515444984
28,4,40.557877514019076,40.54399504825801,-73.74181700245131,-73.76036515444984
28,5,40.57175997978014,40.557877514019076,-73.74181700245131,-73.76036515444984
28,6,40.585642445541204,40.57175997978014,-73.74181700245131,-73.76036515444984
28,7,40.59952491130226,40.585642445541204,-73.74181700245131,-73.76036515444984
28,8,40.613407377063325,40.59952491130226,-73.74181700245131,-73.76036515444984
28,9,40.62728984282439,40.613407377063325,-73.74181700245131,-73.76036515444984
28,10,40.64117230858545,40.62728984282439,-73.74181700245131,-73.76036515444984
28,11,40.65505477434652,40.64117230858545,-73.74181700245131,-73.76036515444984
28,12,40.668937240107574,40.65505477434652,-73.74181700245131,-73.76036515444984
28,13,40.68281970586864,40.668937240107574,-73.74181700245131,-73.76036515444984
28,14,40.6967021716297,40.68281970586864,-73.74181700245131,-73.76036515444984
28,15,40.71058463739077,40.6967021716297,-73.74181700245131,-73.76036515444984
28,16,40.72446710315183,40.71058463739077,-73.74181700245131,-73.76036515444984
28,17,40.73834956891289,40.72446710315183,-73.74181700245131,-73.76036515444984
28,18,40.75223203467395,40.73834956891289,-73.74181700245131,-73.76036515444984
28,19,40.766114500435016,40.75223203467395,-73.74181700245131,-73.76036515444984
28,20,40.77999696619608,40.766114500435016,-73.74181700245131,-73.76036515444984
28,21,40.793879431957144,40.77999696619608,-73.74181700245131,-73.76036515444984
28,22,40.8077618977182,40.793879431957144,-73.74181700245131,-73.76036515444984
28,23,40.821644363479265,40.8077618977182,-73.74181700245131,-73.76036515444984
28,24,40.83552682924033,40.821644363479265,-73.74181700245131,-73.76036515444984
28,25,40.849409295001394,40.83552682924033,-73.74181700245131,-73.76036515444984
28,26,40.86329176076246,40.849409295001394,-73.74181700245131,-73.76036515444984
28,27,40.877174226523515,40.86329176076246,-73.74181700245131,-73.76036515444984
28,28,40.89105669228458,40.877174226523515,-73.74181700245131,-73.76036515444984
28,29,40.90493915804564,40.89105669228458,-73.74181700245131,-73.76036515444984
29,0,40.502347650974826,40.48846518521376,-73.72326885045277,-73.74181700245131
29,1,40.51623011673589,40.502347650974826,-73.72326885045277,-73.74181700245131
29,2,40.53011258249695,40.51623011673589,-73.72326885045277,-73.74181700245131
29,3,40.54399504825801,40.53011258249695,-73.72326885045277,-73.74181700245131
29,4,40.557877514019076,40.54399504825801,-73.72326885045277,-73.74181700245131
29,5,40.57175997978014,40.557877514019076,-73.72326885045277,-73.74181700245131
29,6,40.585642445541204,40.57175997978014,-73.72326885045277,-73.74181700245131
29,7,40.59952491130226,40.585642445541204,-73.72326885045277,-73.74181700245131
29,8,40.613407377063325,40.59952491130226,-73.72326885045277,-73.74181700245131
29,9,40.62728984282439,40.613407377063325,-73.72326885045277,-73.74181700245131
29,10,40.64117230858545,40.62728984282439,-73.72326885045277,-73.74181700245131
29,11,40.65505477434652,40.64117230858545,-73.72326885045277,-73.74181700245131
29,12,40.668937240107574,40.65505477434652,-73.72326885045277,-73.74181700245131
29,13,40.68281970586864,40.668937240107574,-73.72326885045277,-73.74181700245131
29,14,40.6967021716297,40.68281970586864,-73.72326885045277,-73.74181700245131
29,15,40.71058463739077,40.6967021716297,-73.72326885045277,-73.74181700245131
29,16,40.72446710315183,40.71058463739077,-73.72326885045277,-73.74181700245131
29,17,40.73834956891289,40.72446710315183,-73.72326885045277,-73.74181700245131
29,18,40.75223203467395,40.73834956891289,-73.72326885045277,-73.74181700245131
29,19,40.766114500435016,40.75223203467395,-73.72326885045277,-73.74181700245131
29,20,40.77999696619608,40.766114500435016,-73.72326885045277,-73.74181700245131
29,21,40.793879431957144,40.77999696619608,-73.72326885045277,-73.74181700245131
29,22,40.8077618977182,40.793879431957144,-73.72326885045277,-73.74181700245131
29,23,40.821644363479265,40.8077618977182,-73.72326885045277,-73.74181700245131
29,24,40.83552682924033,40.821644363479265,-73.72326885045277,-73.74181700245131
29,25,40.849409295001394,40.83552682924033,-73.72326885045277,-73.74181700245131
29,26,40.86329176076246,40.849409295001394,-73.72326885045277,-73.74181700245131
29,27,40.877174226523515,40.86329176076246,-73.72326885045277,-73.74181700245131
29,28,40.89105669228458,40.877174226523515,-73.72326885045277,-73.74181700245131
29,29,40.90493915804564,40.89105669228458,-73.72326885045277,-73.74181700245131
